{
  "hash": "0f707d31",
  "configHash": "b16a1f5f",
  "lockfileHash": "c5f35583",
  "browserHash": "41cd1471",
  "optimized": {
    "@angular/common": {
      "src": "../../../../../node_modules/@angular/common/fesm2022/common.mjs",
      "file": "@angular_common.js",
      "fileHash": "ffb7e193",
      "needsInterop": false
    },
    "@angular/common/http": {
      "src": "../../../../../node_modules/@angular/common/fesm2022/http.mjs",
      "file": "@angular_common_http.js",
      "fileHash": "aaff460f",
      "needsInterop": false
    },
    "@angular/core": {
      "src": "../../../../../node_modules/@angular/core/fesm2022/core.mjs",
      "file": "@angular_core.js",
      "fileHash": "d0fd8075",
      "needsInterop": false
    },
    "@angular/forms": {
      "src": "../../../../../node_modules/@angular/forms/fesm2022/forms.mjs",
      "file": "@angular_forms.js",
      "fileHash": "e0dfbd8d",
      "needsInterop": false
    },
    "@angular/material/autocomplete": {
      "src": "../../../../../node_modules/@angular/material/fesm2022/autocomplete.mjs",
      "file": "@angular_material_autocomplete.js",
      "fileHash": "42144643",
      "needsInterop": false
    },
    "@angular/material/core": {
      "src": "../../../../../node_modules/@angular/material/fesm2022/core.mjs",
      "file": "@angular_material_core.js",
      "fileHash": "5d84c392",
      "needsInterop": false
    },
    "@angular/material/form-field": {
      "src": "../../../../../node_modules/@angular/material/fesm2022/form-field.mjs",
      "file": "@angular_material_form-field.js",
      "fileHash": "30417a15",
      "needsInterop": false
    },
    "@angular/material/icon": {
      "src": "../../../../../node_modules/@angular/material/fesm2022/icon.mjs",
      "file": "@angular_material_icon.js",
      "fileHash": "9a9c517a",
      "needsInterop": false
    },
    "@angular/material/input": {
      "src": "../../../../../node_modules/@angular/material/fesm2022/input.mjs",
      "file": "@angular_material_input.js",
      "fileHash": "5a8787ee",
      "needsInterop": false
    },
    "@angular/material/progress-spinner": {
      "src": "../../../../../node_modules/@angular/material/fesm2022/progress-spinner.mjs",
      "file": "@angular_material_progress-spinner.js",
      "fileHash": "95f76c8a",
      "needsInterop": false
    },
    "@angular/material/tabs": {
      "src": "../../../../../node_modules/@angular/material/fesm2022/tabs.mjs",
      "file": "@angular_material_tabs.js",
      "fileHash": "1e0d254c",
      "needsInterop": false
    },
    "@angular/platform-browser": {
      "src": "../../../../../node_modules/@angular/platform-browser/fesm2022/platform-browser.mjs",
      "file": "@angular_platform-browser.js",
      "fileHash": "8c47723d",
      "needsInterop": false
    },
    "@angular/platform-browser/animations": {
      "src": "../../../../../node_modules/@angular/platform-browser/fesm2022/animations.mjs",
      "file": "@angular_platform-browser_animations.js",
      "fileHash": "049b7231",
      "needsInterop": false
    },
    "@angular/platform-browser/animations/async": {
      "src": "../../../../../node_modules/@angular/platform-browser/fesm2022/animations/async.mjs",
      "file": "@angular_platform-browser_animations_async.js",
      "fileHash": "42b246c3",
      "needsInterop": false
    },
    "@angular/router": {
      "src": "../../../../../node_modules/@angular/router/fesm2022/router.mjs",
      "file": "@angular_router.js",
      "fileHash": "49a9cfe0",
      "needsInterop": false
    },
    "@ng-bootstrap/ng-bootstrap": {
      "src": "../../../../../node_modules/@ng-bootstrap/ng-bootstrap/fesm2022/ng-bootstrap.mjs",
      "file": "@ng-bootstrap_ng-bootstrap.js",
      "fileHash": "d3b6216f",
      "needsInterop": false
    },
    "highcharts": {
      "src": "../../../../../node_modules/highcharts/highcharts.js",
      "file": "highcharts.js",
      "fileHash": "248fb34a",
      "needsInterop": true
    },
    "highcharts-angular": {
      "src": "../../../../../node_modules/highcharts-angular/fesm2022/highcharts-angular.mjs",
      "file": "highcharts-angular.js",
      "fileHash": "f393c182",
      "needsInterop": false
    },
    "highcharts/indicators/indicators": {
      "src": "../../../../../node_modules/highcharts/indicators/indicators.js",
      "file": "highcharts_indicators_indicators.js",
      "fileHash": "16f537db",
      "needsInterop": true
    },
    "highcharts/indicators/volume-by-price": {
      "src": "../../../../../node_modules/highcharts/indicators/volume-by-price.js",
      "file": "highcharts_indicators_volume-by-price.js",
      "fileHash": "1b5d342a",
      "needsInterop": true
    },
    "highcharts/modules/stock": {
      "src": "../../../../../node_modules/highcharts/modules/stock.js",
      "file": "highcharts_modules_stock.js",
      "fileHash": "cd090526",
      "needsInterop": true
    },
    "rxjs": {
      "src": "../../../../../node_modules/rxjs/dist/esm5/index.js",
      "file": "rxjs.js",
      "fileHash": "3d0b4d59",
      "needsInterop": false
    }
  },
  "chunks": {
    "browser-2JG37OOJ": {
      "file": "browser-2JG37OOJ.js"
    },
    "chunk-NOZXHTIO": {
      "file": "chunk-NOZXHTIO.js"
    },
    "chunk-RVZM7ZZE": {
      "file": "chunk-RVZM7ZZE.js"
    },
    "chunk-5CQBPHP3": {
      "file": "chunk-5CQBPHP3.js"
    },
    "chunk-YVG6QRRI": {
      "file": "chunk-YVG6QRRI.js"
    },
    "chunk-STMYSJWR": {
      "file": "chunk-STMYSJWR.js"
    },
    "chunk-RY3PBK4D": {
      "file": "chunk-RY3PBK4D.js"
    },
    "chunk-SBRCBMDQ": {
      "file": "chunk-SBRCBMDQ.js"
    },
    "chunk-KF7GGM5D": {
      "file": "chunk-KF7GGM5D.js"
    },
    "chunk-R7NSLQLU": {
      "file": "chunk-R7NSLQLU.js"
    },
    "chunk-7NASW6CU": {
      "file": "chunk-7NASW6CU.js"
    },
    "chunk-WSA2QMXP": {
      "file": "chunk-WSA2QMXP.js"
    },
    "chunk-WKYGNSYM": {
      "file": "chunk-WKYGNSYM.js"
    }
  }
}